name,email,age,country
NVHSUMV,,62,UK
FVCFG,fvcfg@examplecom,45,UK
PIPKJJ,pipkjj@.com,5,
NBQJJ,nbqjj@example.com,,India
SHPTFY,shptfyexample.com,,China
GLXMGIPT,glxmgipt@example.com,,France
EVLWJ,evlwj@examplecom,,China
PVTNIJQT,pvtnijqt@example.com,42,China
CWONKGQ,cwonkgq@.com,5,India
OGVSZZ,ogvszz@examplecom,,UK
IWMRC,iwmrc@.com,,China
HPCPZH,,19,Canada
OQAQW,oqaqwexample.com,,China
ENEJLDVC,enejldvc@.com,4,Canada
HIKWYGYR,hikwygyr@.com,7,Canada
CFSAQYG,cfsaqyg@examplecom,7,India
TWLUD,twlud@.com,,China
CHPRNZVE,chprnzve@.com,3,
RAKDMJVS,rakdmjvsexample.com,56,UK
WNDA,,,India
NENJ,nenj@.com,,China
BASMH,basmhexample.com,,Canada
COPUK,copuk@example.com,5,France
GERE,gere@example.com,4,UK
NIZHFT,nizhft@examplecom,45,China
AXAUHCTC,,24,India
XYTFM,xytfmexample.com,65,China
OILKK,,76,India
XIHHG,xihhg@.com,65,China
YNZHIEJG,ynzhiejg@examplecom,64,India
BBYA,bbya@.com,26,India
FITLZ,fitlz@example.com,40,France
LJLTMRWN,ljltmrwn@example.com,,USA
FLYQW,flyqw@example.com,57,
UIOB,uiobexample.com,,France
GGCFFOD,ggcffod@.com,,Canada
XVWUQWO,xvwuqwo@example.com,,India
ARPZ,arpz@.com,32,Canada
ZWLFPDR,zwlfpdr@.com,,
LSNJB,lsnjb@example.com,67,USA
MOQI,moqi@example.com,,UK
PGCZ,pgcz@example.com,58,
ADGW,,,
KKUGMG,kkugmg@examplecom,79,India
EOFOINNU,eofoinnu@examplecom,,France
CVYCH,,27,China
PXEPN,,,USA
MSFGNBN,msfgnbnexample.com,21,
MQWUCLO,,,
ILQKUG,,72,China
ULRMK,ulrmk@example.com,44,China
ILFW,ilfw@example.com,,UK
URDNEU,urdneuexample.com,44,
LGMFKY,,70,India
VJLXSW,vjlxswexample.com,39,France
TNRHDQTS,tnrhdqts@examplecom,,China
ROATMKAS,roatmkasexample.com,,France
NBKT,nbkt@.com,,USA
EUQQUPXE,euqqupxe@examplecom,62,USA
YHCCRMA,yhccrma@.com,34,UK
VKYUHF,vkyuhfexample.com,56,UK
ZJDBQK,zjdbqkexample.com,,
GOOC,goocexample.com,,UK
WOYOUJ,woyouj@.com,,India
AAOWZA,aaowzaexample.com,,China
RVCS,rvcs@.com,,USA
CJVUPI,cjvupiexample.com,,
LVWY,lvwy@examplecom,,Canada
NVIAVH,nviavh@examplecom,,France
HNATVTZ,hnatvtz@examplecom,,India
QQXVLJ,qqxvlj@.com,33,UK
IFJBU,ifjbu@.com,75,UK
ITGRM,itgrm@example.com,,China
EXJWT,,51,France
EDPJS,edpjs@.com,59,UK
YJKG,yjkg@examplecom,44,UK
FLFKDYI,flfkdyi@example.com,,
ICJILHJI,icjilhji@.com,,China
QOXZULF,qoxzulfexample.com,,China
DUQWF,,64,USA
GVDG,gvdgexample.com,,UK
CBVVOEZ,cbvvoezexample.com,,France
GBBH,gbbhexample.com,24,
HFBPZ,,78,USA
ZJZLZJTJ,zjzlzjtj@examplecom,,Canada
RGHHS,,,Canada
SZACE,,71,France
VXYSO,vxyso@.com,,
GXOY,gxoyexample.com,60,Canada
VUOQOZNA,vuoqozna@examplecom,,USA
DZNQA,dznqaexample.com,26,
RVYA,rvya@examplecom,,France
VCBXR,vcbxr@examplecom,27,India
MNUSQ,mnusq@examplecom,,USA
FDZQLAC,fdzqlacexample.com,28,
NOXBUG,,,UK
HODXRJR,hodxrjr@examplecom,,France
ZJTFKIS,zjtfkis@.com,16,UK
UTPUBNIB,utpubnib@examplecom,69,Canada
MGBJTV,mgbjtv@example.com,38,USA
